wpm,filler_count,filler_rate,pause_count,pause_rate,avg_pause_duration,speech_rate_std,pitch_mean,pitch_std,energy_mean,energy_std,silence_ratio,duration,label,label_name
129.09,3,4.9261,5,8.2101,0.95,15.4123,181.01,22.63,0.057012,0.010996,0.0956,36.54,2,Good
140.86,0,0.0,5,2.5633,0.6132,12.1535,197.47,21.18,0.091249,0.029998,0.0744,117.03,2,Good
115.77,4,5.0704,5,6.3379,0.9052,43.4239,193.07,42.22,0.047789,0.04236,0.2701,47.33,1,Average
216.27,14,19.4103,22,30.502,2.7714,94.9162,134.84,84.62,0.046555,0.058304,0.3269,43.28,0,Poor
141.34,1,1.7954,3,5.3863,1.0534,6.8723,203.54,21.89,0.110167,0.038321,0.0723,33.42,2,Good
147.08,1,0.7712,5,3.8562,0.6525,19.8205,176.32,32.21,0.051244,0.024568,0.0541,77.8,2,Good
137.41,4,5.2932,7,9.2632,1.2357,42.4297,135.33,50.28,0.061868,0.021669,0.2227,45.34,1,Average
170.27,5,5.3465,11,11.7624,1.4324,40.648,154.76,63.6,0.074098,0.031503,0.1763,56.11,1,Average
238.73,22,81.5093,16,59.2795,2.8021,97.8645,265.8,104.84,0.034683,0.08694,0.6378,16.19,0,Poor
153.05,5,3.0198,7,4.2277,1.2818,40.0018,140.61,52.2,0.071315,0.050799,0.1876,99.34,1,Average
145.06,2,1.2492,3,1.8738,0.8338,15.3158,197.82,32.31,0.050755,0.018982,0.1038,96.06,2,Good
223.76,24,42.3469,18,31.7601,3.1978,88.4044,189.66,65.22,0.034541,0.086947,0.5609,34.0,0,Poor
152.95,2,1.0357,2,1.0357,0.5011,14.546,144.09,21.44,0.044762,0.028114,0.153,115.86,2,Good
85.15,12,13.6005,11,12.4672,1.7069,93.2164,201.35,69.89,0.027619,0.102208,0.4681,52.94,0,Poor
132.17,5,4.0068,11,8.8149,1.8078,29.5958,195.78,53.51,0.032913,0.038112,0.2169,74.87,1,Average
148.96,0,0.0,2,1.2411,0.5465,13.0095,151.37,15.29,0.073763,0.018851,0.1229,96.69,2,Good
131.11,0,0.0,2,1.0461,1.1863,6.0125,181.5,19.48,0.117654,0.013399,0.1105,114.71,2,Good
155.16,0,0.0,4,7.4389,0.8013,9.7542,174.77,34.35,0.088154,0.036776,0.1165,32.26,2,Good
145.32,8,12.4784,6,9.3588,1.1996,36.7372,259.12,56.47,0.059045,0.056533,0.243,38.47,1,Average
146.05,5,5.3562,5,5.3562,1.5367,21.6663,187.76,36.01,0.07162,0.045611,0.286,56.01,1,Average
249.63,15,75.6511,16,80.6945,2.1347,55.7862,191.21,95.7,0.02366,0.085555,0.6106,11.9,0,Poor
105.76,3,8.9559,11,32.8382,0.9502,37.1391,174.55,38.02,0.054412,0.02321,0.2664,20.1,1,Average
148.52,1,1.2916,5,6.4582,1.0327,19.2616,196.2,22.45,0.048429,0.033455,0.1466,46.45,2,Good
121.93,1,0.8014,4,3.2055,0.8503,11.4909,176.62,20.22,0.069497,0.021094,0.0579,74.87,2,Good
164.72,4,7.9183,7,13.857,1.0744,42.7175,110.17,52.25,0.072965,0.032934,0.1886,30.31,1,Average
42.07,23,29.3998,20,25.5651,3.7978,58.9145,232.99,64.53,0.014142,0.057345,0.4031,46.94,0,Poor
156.84,2,2.9083,2,2.9083,1.1032,9.1111,204.57,19.88,0.067627,0.020068,0.1968,41.26,2,Good
127.54,3,3.6496,3,3.6496,0.5713,5.1248,174.69,17.32,0.099871,0.037436,0.1151,49.32,2,Good
140.51,8,5.3281,9,5.9941,0.9268,36.0207,142.41,54.78,0.065514,0.027601,0.1623,90.09,1,Average
152.18,3,1.8755,3,1.8755,1.1702,5.1329,219.83,31.92,0.106278,0.018839,0.0521,95.97,2,Good
51.61,23,17.7882,14,10.8276,3.751,79.8206,154.59,80.95,0.044928,0.111769,0.6105,77.58,0,Poor
98.68,3,1.8863,6,3.7725,1.3251,26.3668,236.13,31.54,0.083123,0.043074,0.2774,95.43,1,Average
43.33,21,111.7464,12,63.8551,3.0456,63.5105,224.26,83.12,0.042489,0.06725,0.3912,11.28,0,Poor
73.72,23,28.3383,19,23.4099,3.5234,89.5562,270.76,114.79,0.033124,0.080121,0.5794,48.7,0,Poor
120.22,2,3.4828,5,8.7071,0.5257,6.6204,167.11,35.06,0.085764,0.02538,0.094,34.45,2,Good
156.63,5,12.8975,8,20.636,1.6779,22.0407,119.05,39.88,0.031168,0.063589,0.1938,23.26,1,Average
69.09,17,29.066,18,30.7757,3.7874,91.7521,178.88,65.72,0.025395,0.093507,0.5331,35.09,0,Poor
153.18,16,12.6176,24,18.9264,1.6104,77.3545,299.86,93.35,0.031027,0.065028,0.3422,76.08,0,Poor
88.05,24,20.9659,11,9.6094,1.5921,52.3619,83.01,64.52,0.043044,0.082748,0.5625,68.68,0,Poor
76.57,16,39.3594,18,44.2794,1.5116,63.3425,167.6,92.24,0.055592,0.067708,0.4214,24.39,0,Poor
206.86,8,6.665,19,15.8293,3.6917,67.9628,181.63,119.42,0.005013,0.054838,0.4344,72.02,0,Poor
240.5,24,114.6636,23,109.8859,3.5914,77.3099,144.69,102.84,0.034021,0.082756,0.4684,12.56,0,Poor
142.87,3,1.5206,4,2.0275,0.5085,15.1103,144.15,28.72,0.063011,0.019203,0.1029,118.37,2,Good
177.59,18,15.3006,15,12.7505,3.9377,71.9912,239.04,109.25,0.044515,0.082803,0.4668,70.59,0,Poor
225.65,11,29.0302,22,58.0603,1.6888,86.4285,139.91,113.85,0.033962,0.10406,0.6426,22.73,0,Poor
151.78,24,79.2571,24,79.2571,2.6789,67.6513,156.75,115.77,0.050684,0.117202,0.3435,18.17,0,Poor
138.51,3,4.6838,5,7.8063,1.1045,13.831,170.03,22.14,0.056258,0.032854,0.108,38.43,2,Good
158.45,1,1.8301,5,9.1507,0.7383,13.1211,152.33,28.84,0.083336,0.032857,0.175,32.78,2,Good
117.26,8,12.5012,9,14.0638,1.0404,41.7031,217.24,52.51,0.053007,0.047162,0.1818,38.4,1,Average
143.22,3,1.5003,2,1.0002,0.9384,12.3335,172.14,39.85,0.110425,0.028702,0.1354,119.97,2,Good
144.1,5,12.1536,9,21.8765,1.6951,44.5492,141.48,63.01,0.056421,0.038673,0.1745,24.68,1,Average
103.0,3,2.2799,6,4.5599,1.3675,33.384,136.77,42.49,0.036117,0.030309,0.2776,78.95,1,Average
149.51,0,0.0,4,2.7598,0.6,16.3014,201.51,31.46,0.101289,0.035378,0.142,86.96,2,Good
199.17,24,64.1068,13,34.7245,2.6475,75.6518,269.34,92.1,0.015145,0.063968,0.4085,22.46,0,Poor
127.97,2,3.4781,5,8.6952,0.5096,8.7256,157.15,21.77,0.059805,0.011876,0.1188,34.5,2,Good
134.84,0,0.0,5,2.5009,1.1894,16.3137,171.46,29.77,0.092881,0.012354,0.1317,119.96,2,Good
178.45,9,24.8935,13,35.9573,1.6625,67.0869,264.32,73.83,0.050685,0.049627,0.3164,21.69,0,Poor
113.76,19,61.8232,11,35.7924,3.7125,74.1646,177.03,84.27,0.036484,0.104318,0.4884,18.44,0,Poor
158.54,4,2.4429,7,4.275,1.7435,25.0341,148.79,36.59,0.043115,0.057838,0.2539,98.24,1,Average
43.41,21,19.1765,21,19.1765,3.7165,46.5189,207.35,86.31,0.041961,0.066252,0.3543,65.71,0,Poor
144.83,1,0.6265,5,3.1324,0.5276,12.1332,183.44,20.69,0.117122,0.037284,0.1583,95.77,2,Good
47.34,23,64.9482,20,56.4767,1.7197,89.3226,92.24,110.54,0.00784,0.041459,0.5439,21.25,0,Poor
46.76,22,61.1998,18,50.0726,3.9672,87.4735,123.72,60.33,0.04985,0.096549,0.5552,21.57,0,Poor
152.01,8,19.5261,10,24.4077,1.5323,23.3839,222.71,56.28,0.086963,0.023448,0.1614,24.58,1,Average
99.18,7,5.3792,7,5.3792,1.9582,32.2099,132.6,43.7,0.048939,0.057909,0.2987,78.08,1,Average
248.73,12,16.6697,19,26.3937,3.4084,89.3802,156.19,87.88,0.040738,0.043845,0.6322,43.19,0,Poor
84.56,24,29.5727,24,29.5727,3.909,91.9155,144.78,83.11,0.051813,0.065354,0.3593,48.69,0,Poor
150.81,2,1.9019,2,1.9019,0.6859,5.2633,163.46,34.33,0.081437,0.020443,0.1058,63.1,2,Good
133.85,20,16.9719,15,12.7289,2.8315,58.3359,139.23,82.64,0.006104,0.065766,0.374,70.71,0,Poor
113.99,6,8.5597,11,15.6928,1.8875,26.2387,150.79,60.38,0.051482,0.058836,0.1631,42.06,1,Average
140.52,6,16.3883,7,19.1196,1.7858,29.2958,232.82,40.1,0.020072,0.027947,0.2437,21.97,1,Average
145.82,3,2.1984,8,5.8624,1.9638,31.3447,145.41,32.94,0.031883,0.045989,0.2174,81.88,1,Average
137.62,0,0.0,2,1.1493,0.6362,5.8647,167.4,21.76,0.117313,0.026731,0.1021,104.41,2,Good
107.41,7,5.7716,8,6.5961,1.8447,25.9699,177.69,69.4,0.074041,0.021358,0.163,72.77,1,Average
93.34,5,5.3404,9,9.6127,0.9063,22.5827,197.7,57.53,0.047817,0.043995,0.2872,56.18,1,Average
154.26,2,1.2143,5,3.0357,0.8935,19.2064,179.7,24.51,0.053043,0.033586,0.1602,98.82,2,Good
81.69,21,29.3197,10,13.9617,2.7119,73.1852,243.17,101.93,0.02714,0.057442,0.5258,42.97,0,Poor
238.18,17,51.5118,20,60.6021,3.75,93.064,211.43,96.03,0.041577,0.05403,0.62,19.8,0,Poor
75.89,22,26.178,10,11.8991,3.7489,66.114,199.58,114.39,0.039333,0.049352,0.6289,50.42,0,Poor
122.26,2,1.8654,2,1.8654,0.9492,15.0722,190.58,19.97,0.073467,0.032528,0.0652,64.33,2,Good
131.5,6,4.0371,8,5.3828,1.5821,40.2671,202.11,64.38,0.047468,0.067811,0.1766,89.17,1,Average
164.63,8,6.1765,7,5.4044,1.748,27.617,122.14,46.12,0.032147,0.054748,0.2192,77.71,1,Average
219.88,10,10.7841,18,19.4114,1.9398,45.9941,188.66,70.73,0.025156,0.099534,0.5523,55.64,0,Poor
152.31,5,3.655,8,5.848,1.8908,24.4921,145.63,68.86,0.032668,0.062719,0.2485,82.08,1,Average
156.5,10,22.2041,23,51.0694,3.008,89.3768,291.78,116.66,0.01276,0.072511,0.4134,27.02,0,Poor
112.86,5,3.038,5,3.038,0.8139,21.8112,168.87,49.2,0.062001,0.034583,0.289,98.75,1,Average
142.41,3,2.346,6,4.6921,1.5504,39.5856,201.84,49.38,0.066257,0.04765,0.2695,76.72,1,Average
84.43,8,26.7758,14,46.8576,1.9138,55.2476,264.25,79.93,0.022129,0.058192,0.5128,17.93,0,Poor
92.38,10,11.6817,20,23.3633,2.0506,84.1132,258.09,80.92,0.01029,0.115242,0.4392,51.36,0,Poor
153.37,9,10.055,23,25.696,3.0835,92.9303,256.81,71.19,0.054091,0.083147,0.5826,53.7,0,Poor
129.43,6,5.7056,8,7.6074,1.758,29.2983,177.75,45.9,0.026539,0.042054,0.1891,63.1,1,Average
121.68,5,3.8524,6,4.6229,1.4391,44.053,126.42,65.78,0.089403,0.023076,0.3266,77.87,1,Average
159.27,11,13.2285,19,22.8492,2.735,86.5049,102.64,92.19,0.025835,0.07656,0.5114,49.89,0,Poor
132.75,3,5.7863,4,7.7151,0.9208,15.5838,195.07,24.36,0.053349,0.022916,0.0714,31.11,2,Good
54.07,11,8.6576,18,14.167,1.7837,96.2011,294.33,119.76,0.008073,0.098963,0.4911,76.23,0,Poor
182.41,8,8.3772,18,18.8487,1.7837,95.8581,273.01,75.48,0.041299,0.105378,0.4943,57.3,0,Poor
144.6,7,6.3254,11,9.94,1.6435,21.3201,182.99,53.97,0.06215,0.021147,0.2144,66.4,1,Average
117.49,5,6.3178,11,13.8992,0.8833,32.9765,120.14,62.01,0.03636,0.047001,0.326,47.48,1,Average
122.76,2,1.0994,2,1.0994,0.7866,17.1632,206.87,23.3,0.095489,0.033134,0.1482,109.15,2,Good
157.67,17,51.6481,24,72.9149,3.6966,72.2483,243.12,94.39,0.059873,0.100192,0.5474,19.75,0,Poor
131.57,1,0.5704,2,1.1408,1.1691,9.7095,211.07,30.07,0.106137,0.03952,0.0933,105.19,2,Good
165.68,12,16.3469,13,17.7092,3.3056,84.602,221.05,101.64,0.03485,0.060144,0.421,44.05,0,Poor
202.35,17,18.9555,19,21.1856,2.7526,74.6658,230.47,96.95,0.056914,0.11554,0.6035,53.81,0,Poor
92.23,3,2.692,10,8.9733,1.1277,32.952,154.81,67.63,0.038151,0.041483,0.3245,66.86,1,Average
137.48,0,0.0,3,3.926,0.9356,19.7177,155.21,34.81,0.112632,0.038311,0.194,45.85,2,Good
155.6,0,0.0,4,2.0834,0.5178,14.6873,190.95,23.52,0.045737,0.022289,0.0967,115.2,2,Good
139.38,4,3.487,6,5.2305,1.2799,44.4181,233.48,50.9,0.028626,0.062971,0.31,68.83,1,Average
70.82,18,14.3057,13,10.3319,3.7464,78.3536,82.02,66.09,0.041493,0.040405,0.3563,75.49,0,Poor
152.52,3,6.645,8,17.72,0.8751,40.0342,224.99,59.34,0.040961,0.028674,0.2775,27.09,1,Average
185.52,22,35.7696,17,27.6401,1.8111,97.6029,255.56,75.54,0.03737,0.118586,0.6095,36.9,0,Poor
146.24,4,4.8054,10,12.0135,1.3966,35.4462,240.34,52.82,0.022127,0.066547,0.2879,49.94,1,Average
125.37,0,0.0,3,3.1484,0.6693,12.5091,194.37,16.91,0.061976,0.034209,0.1189,57.17,2,Good
74.63,15,18.1275,11,13.2935,2.4916,97.4748,109.7,89.03,0.019845,0.083187,0.3567,49.65,0,Poor
135.09,1,0.6611,2,1.3221,0.9809,12.4072,171.01,30.82,0.096309,0.010131,0.075,90.76,2,Good
125.72,2,1.265,5,3.1626,0.8477,9.2641,150.71,30.74,0.044347,0.032459,0.0976,94.86,2,Good
149.71,4,2.9245,6,4.3868,1.1918,32.9428,123.18,44.03,0.022324,0.023929,0.2294,82.06,1,Average
91.34,6,4.2107,8,5.6143,1.6692,34.4597,151.12,33.18,0.025996,0.06471,0.1884,85.5,1,Average
145.94,2,1.3676,3,2.0514,1.1755,8.7634,194.08,32.67,0.088801,0.019387,0.0907,87.75,2,Good
152.27,5,6.6588,10,13.3177,1.5384,22.0866,242.36,62.14,0.055364,0.068356,0.2336,45.05,1,Average
149.6,0,0.0,3,1.539,1.1008,9.3833,212.86,33.85,0.104393,0.01054,0.1944,116.96,2,Good
134.39,21,23.6496,16,18.0188,2.8282,84.6284,93.72,68.86,0.012321,0.094973,0.5956,53.28,0,Poor
129.15,8,6.1319,11,8.4314,1.0167,21.3465,158.01,60.13,0.038853,0.046978,0.2956,78.28,1,Average
161.56,7,7.1829,9,9.2351,1.3498,32.0742,130.02,33.22,0.070956,0.044823,0.2374,58.47,1,Average
119.72,5,4.1147,8,6.5835,1.2258,30.3033,192.44,63.22,0.02481,0.041215,0.1665,72.91,1,Average
122.31,6,3.7993,10,6.3321,1.0335,24.1583,202.6,50.92,0.066907,0.06648,0.2565,94.75,1,Average
155.61,1,1.7714,2,3.5429,0.5407,6.6727,181.27,21.69,0.106838,0.010441,0.1069,33.87,2,Good
84.05,19,19.6004,19,19.6004,3.0455,50.5617,98.5,102.06,0.009002,0.105749,0.5472,58.16,0,Poor
111.01,6,6.87,10,11.45,1.4178,28.9808,198.94,36.54,0.047376,0.068471,0.2016,52.4,1,Average
105.87,6,4.3151,8,5.7534,1.1317,27.8087,206.4,37.83,0.082787,0.04601,0.2395,83.43,1,Average
135.37,0,0.0,4,2.3905,0.508,15.5555,217.62,25.94,0.058798,0.031146,0.1726,100.4,2,Good
136.1,4,4.1142,9,9.2569,1.7765,22.723,132.35,51.06,0.037225,0.043835,0.2289,58.33,1,Average
107.31,7,5.114,11,8.0363,1.3444,33.2589,112.68,61.87,0.040592,0.065592,0.3435,82.13,1,Average
133.75,3,4.1251,5,6.8751,1.9712,36.6838,111.56,40.22,0.03825,0.023463,0.342,43.64,1,Average
101.28,4,3.1933,6,4.79,1.7857,21.0296,210.56,68.06,0.028695,0.064811,0.269,75.16,1,Average
128.97,2,1.369,2,1.369,1.0939,11.3394,164.23,23.13,0.09701,0.034503,0.0772,87.66,2,Good
124.07,0,0.0,2,1.1365,0.5273,5.5403,154.02,36.67,0.062598,0.038514,0.1372,105.58,2,Good
172.93,4,2.7973,5,3.4966,1.3752,27.8432,200.96,35.57,0.082878,0.061467,0.2135,85.8,1,Average
120.21,7,6.6566,8,7.6075,0.8063,39.0248,115.3,59.83,0.034174,0.067904,0.2236,63.1,1,Average
123.28,7,20.8433,11,32.7537,0.8039,35.4897,163.32,61.77,0.026509,0.04941,0.2462,20.15,1,Average
185.64,23,52.4835,23,52.4835,3.4629,55.9821,193.13,95.54,0.007555,0.088604,0.3597,26.29,0,Poor
163.11,8,5.1822,7,4.5344,1.3766,22.6233,146.31,69.47,0.029975,0.044944,0.2736,92.63,1,Average
137.31,5,3.6389,6,4.3667,1.6783,41.2794,210.71,62.38,0.073666,0.027485,0.2348,82.44,1,Average
117.79,5,3.4342,10,6.8683,1.852,44.9084,165.25,47.94,0.070545,0.06431,0.2686,87.36,1,Average
172.95,6,4.5259,9,6.7888,1.7476,36.4677,184.73,52.21,0.070344,0.031423,0.3493,79.54,1,Average
154.23,2,1.3439,5,3.3597,1.082,13.9847,149.19,17.35,0.11277,0.030076,0.1744,89.29,2,Good
144.9,0,0.0,4,4.1122,0.6029,17.1669,190.88,24.7,0.09393,0.017797,0.1018,58.36,2,Good
160.46,3,3.2169,7,7.5061,1.9383,26.3132,163.89,45.17,0.062388,0.037837,0.2567,55.95,1,Average
253.64,18,87.8101,20,97.5668,1.8521,54.7013,189.64,85.14,0.055317,0.068992,0.5032,12.3,0,Poor
75.42,12,13.6311,16,18.1748,1.6193,76.132,114.9,67.21,0.023803,0.047344,0.333,52.82,0,Poor
258.78,20,20.553,14,14.3871,1.546,95.2864,105.91,94.59,0.020073,0.084334,0.528,58.39,0,Poor
135.91,0,0.0,2,1.0351,0.5314,16.4151,169.74,24.81,0.100341,0.037553,0.1926,115.94,2,Good
155.53,3,2.7038,5,4.5063,0.8695,21.8674,237.86,69.61,0.067324,0.042298,0.2795,66.57,1,Average
146.92,2,1.5223,3,2.2834,1.0523,11.6963,203.87,35.56,0.108605,0.037499,0.1146,78.83,2,Good
156.36,4,6.4969,10,16.2424,1.9938,21.4445,214.26,69.35,0.036743,0.027112,0.1743,36.94,1,Average
150.36,2,1.1968,4,2.3936,0.8562,10.5392,214.63,35.69,0.095777,0.03143,0.1193,100.27,2,Good
120.01,0,0.0,3,1.7916,0.6933,15.6046,145.02,35.98,0.040306,0.017405,0.1611,100.47,2,Good
143.09,0,0.0,3,1.6084,0.891,10.1475,198.33,31.31,0.107648,0.030775,0.1145,111.91,2,Good
48.95,21,27.0302,13,16.733,2.2905,77.3569,230.26,87.12,0.044258,0.111973,0.5184,46.61,0,Poor
173.65,7,5.3836,6,4.6145,0.9991,42.0482,174.12,36.49,0.020883,0.047988,0.2555,78.01,1,Average
213.54,21,94.8251,21,94.8251,3.8966,55.1404,99.87,106.26,0.008754,0.106966,0.453,13.29,0,Poor
158.02,0,0.0,2,1.6538,0.8544,14.5116,145.67,21.36,0.068948,0.024175,0.0568,72.56,2,Good
115.78,5,8.7665,8,14.0263,1.5417,35.8297,144.33,39.31,0.035456,0.028688,0.2811,34.22,1,Average
102.33,22,60.605,17,46.8312,3.2575,64.9996,293.79,117.75,0.018848,0.07978,0.4053,21.78,0,Poor
201.5,12,26.9645,16,35.9527,3.3772,86.4999,102.69,114.15,0.032789,0.106117,0.412,26.7,0,Poor
100.1,16,16.4963,10,10.3102,1.9332,53.604,135.05,92.95,0.044303,0.092816,0.398,58.19,0,Poor
90.22,8,5.6117,10,7.0147,1.5122,39.8436,206.99,36.99,0.045254,0.065295,0.304,85.54,1,Average
141.86,0,0.0,2,1.5254,0.8534,15.7768,209.01,19.48,0.104,0.026581,0.1095,78.67,2,Good
133.49,2,1.2787,3,1.9181,0.7895,12.393,172.34,28.27,0.087611,0.010298,0.1196,93.84,2,Good
100.89,3,1.9099,11,7.0029,0.914,29.3998,192.51,45.55,0.031458,0.03369,0.3357,94.25,1,Average
47.06,24,32.3973,21,28.3476,1.6656,47.5224,216.58,80.84,0.016502,0.086372,0.4195,44.45,0,Poor
120.56,12,11.7534,10,9.7945,1.7762,64.5042,143.19,77.78,0.017848,0.043367,0.3063,61.26,0,Poor
120.5,3,3.2406,3,3.2406,0.9189,9.4586,163.99,33.58,0.043851,0.037087,0.1778,55.54,2,Good
132.65,0,0.0,4,2.2988,0.6893,17.6407,165.07,34.72,0.11135,0.023015,0.1865,104.4,2,Good
147.91,8,8.3228,21,21.8474,3.9054,65.6179,142.86,112.12,0.017298,0.117058,0.3043,57.67,0,Poor
132.56,19,23.7832,17,21.2797,3.396,80.1422,246.99,103.45,0.040048,0.118446,0.6162,47.93,0,Poor
143.43,3,2.2523,5,3.7538,0.9778,8.629,197.12,35.56,0.104317,0.026575,0.128,79.92,2,Good
123.03,3,2.658,5,4.4301,1.3333,20.3667,198.06,36.74,0.06498,0.057967,0.2501,67.72,1,Average
204.35,24,114.1555,15,71.3472,2.2582,74.5395,151.86,109.67,0.019935,0.11722,0.46,12.61,0,Poor
143.91,1,1.3138,4,5.2554,0.5741,7.3224,215.58,33.41,0.11064,0.016079,0.1381,45.67,2,Good
105.69,3,2.7529,6,5.5059,1.9013,30.6132,123.06,62.63,0.046146,0.046325,0.1725,65.38,1,Average
138.85,2,1.3536,2,1.3536,0.7505,12.4132,206.26,23.38,0.053901,0.03136,0.1739,88.65,2,Good
165.59,22,21.5547,22,21.5547,2.9921,69.5208,101.99,87.55,0.023354,0.051429,0.5278,61.24,0,Poor
132.87,0,0.0,5,3.9307,0.5668,11.4305,142.33,27.02,0.092995,0.013555,0.0933,76.32,2,Good
137.46,0,0.0,5,4.3812,1.0311,9.2374,168.24,37.35,0.115717,0.036777,0.1129,68.48,2,Good
112.58,6,6.1926,7,7.2247,1.9468,41.5532,231.43,56.21,0.05856,0.024349,0.2317,58.13,1,Average
157.71,1,0.7715,5,3.8577,0.8811,19.4415,146.05,24.14,0.058031,0.015875,0.0711,77.77,2,Good
158.54,1,0.912,2,1.824,0.7183,16.6099,201.83,28.03,0.118081,0.013767,0.0525,65.79,2,Good
147.46,5,3.2984,9,5.9371,1.1431,40.3987,239.21,63.86,0.084325,0.032612,0.301,90.95,1,Average
50.58,24,18.6991,17,13.2452,2.3753,48.1813,293.2,113.03,0.056026,0.119593,0.3609,77.01,0,Poor
82.0,11,61.3461,18,100.3845,3.6179,64.5198,290.5,100.61,0.031539,0.079442,0.3291,10.76,0,Poor
76.94,13,10.0309,13,10.0309,2.5636,72.9186,133.33,66.89,0.038584,0.06309,0.5034,77.76,0,Poor
119.54,6,3.6549,7,4.264,1.9126,25.8661,169.9,36.1,0.089474,0.06635,0.258,98.5,1,Average
128.02,0,0.0,2,3.3944,0.8074,17.7045,211.45,16.56,0.110677,0.02345,0.1266,35.35,2,Good
138.85,2,2.2702,2,2.2702,0.5884,15.1427,166.01,32.16,0.045571,0.015246,0.1784,52.86,2,Good
136.11,2,2.449,3,3.6735,0.6967,17.0522,214.34,25.13,0.112489,0.019645,0.1215,49.0,2,Good
55.26,8,16.5237,20,41.3091,2.5678,89.9908,269.36,60.42,0.033091,0.073393,0.3777,29.05,0,Poor
130.35,1,0.788,4,3.1519,0.5063,13.8418,189.06,30.94,0.059362,0.031422,0.0637,76.15,2,Good
142.6,2,1.1218,5,2.8046,0.5085,5.1356,168.56,38.15,0.058294,0.029031,0.0833,106.97,2,Good
186.03,22,22.3858,17,17.2981,3.3152,98.6719,193.59,79.38,0.048735,0.061667,0.4536,58.97,0,Poor
124.58,2,1.1761,5,2.9403,0.7583,6.8154,173.52,33.78,0.045681,0.012405,0.1032,102.03,2,Good
52.42,15,14.314,23,21.9482,2.8002,75.0691,120.67,118.18,0.047632,0.11516,0.6132,62.88,0,Poor
153.13,6,5.1208,8,6.8278,1.2452,44.6912,116.02,64.68,0.060507,0.041931,0.2951,70.3,1,Average
166.11,19,30.6683,21,33.8966,1.8213,89.6162,260.54,97.56,0.050123,0.092119,0.3723,37.17,0,Poor
146.13,2,1.0779,2,1.0779,1.0362,16.8267,193.2,21.51,0.112576,0.030122,0.1341,111.32,2,Good
110.5,7,11.6964,9,15.0382,1.9515,32.1964,126.46,51.92,0.051806,0.062218,0.1696,35.91,1,Average
146.71,2,1.979,5,4.9475,0.6297,6.1845,159.16,34.86,0.042774,0.027484,0.1993,60.64,2,Good
125.27,0,0.0,4,2.3348,0.7169,9.3507,209.71,31.82,0.103735,0.017514,0.1437,102.79,2,Good
136.7,8,6.1976,7,5.4229,1.4255,40.5598,174.63,65.87,0.02499,0.067733,0.2809,77.45,1,Average
181.84,20,25.38,10,12.69,2.4231,69.9847,200.69,92.94,0.016095,0.094766,0.3308,47.28,0,Poor
164.62,5,3.3515,5,3.3515,0.9443,33.6122,110.86,42.98,0.045652,0.039809,0.2891,89.51,1,Average
156.45,6,6.4621,11,11.8472,1.8419,25.146,126.79,40.79,0.023996,0.046558,0.3373,55.71,1,Average
149.52,0,0.0,2,1.4564,0.7426,10.9642,161.14,20.13,0.078643,0.018056,0.0931,82.4,2,Good
251.2,8,13.0417,24,39.1252,3.2831,86.8432,203.48,106.26,0.032159,0.081819,0.4496,36.8,0,Poor
185.09,15,17.7035,17,20.064,2.559,60.8361,215.29,114.71,0.012651,0.048064,0.3896,50.84,0,Poor
154.15,1,0.6717,2,1.3435,0.6378,19.2714,219.59,32.79,0.118491,0.027086,0.0889,89.32,2,Good
182.6,19,31.1936,10,16.4177,3.3528,76.596,265.2,68.39,0.04874,0.05613,0.3573,36.55,0,Poor
212.28,12,9.2063,20,15.3438,3.2454,74.4853,148.1,108.83,0.04266,0.053009,0.6188,78.21,0,Poor
148.37,0,0.0,3,3.3203,0.9086,19.2833,143.39,21.63,0.088124,0.018897,0.1572,54.21,2,Good
170.99,8,15.1372,9,17.0294,0.9461,31.9559,185.92,39.3,0.025598,0.058836,0.1744,31.71,1,Average
58.14,14,21.1611,19,28.7186,2.3256,68.8949,135.81,84.31,0.036431,0.099278,0.5685,39.7,0,Poor
131.37,4,3.5389,8,7.0778,1.3061,26.9207,198.85,66.49,0.034746,0.051148,0.2763,67.82,1,Average
126.06,0,0.0,2,1.6737,0.6977,11.3784,143.01,18.2,0.101244,0.01,0.1125,71.7,2,Good
157.27,0,0.0,2,1.1594,0.9319,6.7076,167.62,27.69,0.109938,0.024806,0.1553,103.5,2,Good
133.83,5,3.6187,11,7.9612,1.9906,41.2856,141.28,67.22,0.028146,0.060872,0.2261,82.9,1,Average
58.95,10,12.023,17,20.4391,2.0223,81.9129,158.9,75.25,0.021241,0.065804,0.597,49.9,0,Poor
156.7,3,1.8898,2,1.2599,1.1231,15.6158,144.98,18.68,0.040627,0.028928,0.1172,95.25,2,Good
163.78,8,14.9604,8,14.9604,1.6775,42.7381,238.6,68.58,0.073207,0.042115,0.2124,32.08,1,Average
246.36,10,11.6912,21,24.5515,3.5766,63.9856,250.24,81.77,0.052359,0.057561,0.6411,51.32,0,Poor
149.07,0,0.0,2,1.3866,0.6971,18.0913,149.01,32.59,0.083256,0.012896,0.0863,86.54,2,Good
144.28,0,0.0,2,1.7125,0.9918,8.5615,180.99,17.61,0.070761,0.02463,0.1478,70.07,2,Good
64.64,13,9.8653,22,16.6952,2.4266,89.704,288.39,119.16,0.046436,0.070101,0.3292,79.06,0,Poor
123.54,0,0.0,3,1.8931,0.7853,11.1066,145.28,23.72,0.04888,0.034247,0.1922,95.08,2,Good
146.27,2,2.7936,4,5.5873,0.5539,6.1338,216.11,22.43,0.047365,0.027971,0.1435,42.95,2,Good
135.92,1,0.5408,2,1.0816,0.6598,8.6991,178.73,33.69,0.077905,0.011735,0.1937,110.95,2,Good
151.15,4,6.5252,10,16.3131,1.6778,24.6853,238.73,62.76,0.057856,0.055512,0.2129,36.78,1,Average
150.66,18,30.1038,10,16.7244,3.3205,65.2281,219.11,98.01,0.034468,0.047223,0.5924,35.88,0,Poor
136.65,12,11.8366,19,18.7412,3.6241,58.6041,179.12,67.75,0.057473,0.088494,0.38,60.83,0,Poor
78.4,21,36.4691,23,39.9423,1.7214,47.0678,185.55,94.85,0.019943,0.071863,0.3321,34.55,0,Poor
141.86,1,0.8418,4,3.3673,0.616,11.6831,156.73,16.25,0.107492,0.039436,0.169,71.27,2,Good
140.22,0,0.0,3,4.2633,0.5273,5.4643,171.04,19.0,0.041868,0.032686,0.1188,42.22,2,Good
151.21,0,0.0,3,1.6364,0.6433,13.867,154.89,23.29,0.108402,0.016212,0.0607,110.0,2,Good
124.03,1,0.8848,3,2.6544,0.7436,11.7553,199.91,31.28,0.089674,0.020571,0.1762,67.81,2,Good
171.92,4,7.8165,9,17.5871,0.823,26.4953,224.04,35.48,0.057472,0.03076,0.1524,30.7,1,Average
70.12,10,8.2101,18,14.7781,3.7881,97.7286,92.73,83.67,0.010872,0.066853,0.3594,73.08,0,Poor
159.71,1,0.5279,2,1.0559,0.7762,11.3274,172.88,37.69,0.097123,0.028237,0.0964,113.65,2,Good
111.84,7,6.2169,10,8.8812,0.9701,26.8635,199.56,57.03,0.05099,0.04229,0.2949,67.56,1,Average
134.49,7,10.9968,8,12.5678,1.6674,21.6917,216.18,51.74,0.025721,0.042915,0.2469,38.19,1,Average
157.67,2,1.3613,3,2.042,0.7533,13.9049,140.81,30.9,0.113063,0.028377,0.1811,88.15,2,Good
150.7,0,0.0,5,3.7648,1.0952,8.1799,192.59,26.81,0.110413,0.016472,0.1517,79.69,2,Good
71.59,21,18.9224,18,16.2192,1.5399,57.6992,133.03,101.0,0.03855,0.106656,0.3607,66.59,0,Poor
97.15,5,3.0458,5,3.0458,0.939,29.4174,111.36,62.75,0.028991,0.034167,0.1537,98.49,1,Average
49.23,12,21.0799,19,33.3765,1.9425,49.8786,106.54,87.65,0.016348,0.069142,0.4762,34.16,0,Poor
147.5,5,3.1489,10,6.2979,1.2726,36.2808,125.99,56.31,0.089959,0.022411,0.3454,95.27,1,Average
86.56,19,15.0597,11,8.7188,1.9546,55.0872,146.93,91.49,0.028757,0.063298,0.5141,75.7,0,Poor
102.2,4,6.6393,11,18.2581,0.9949,24.7087,219.62,36.25,0.036419,0.068167,0.2011,36.15,1,Average
103.63,7,4.8297,5,3.4498,1.9161,22.6459,214.85,37.57,0.081715,0.068066,0.2431,86.96,1,Average
250.38,24,74.2993,24,74.2993,2.5513,88.1568,220.66,108.3,0.054673,0.089381,0.6432,19.38,0,Poor
183.01,14,13.6556,14,13.6556,1.5663,54.9789,208.27,85.29,0.054097,0.105395,0.4196,61.51,0,Poor
124.44,3,2.8057,3,2.8057,1.1052,13.1997,170.43,39.42,0.048858,0.022676,0.0563,64.16,2,Good
84.18,20,15.8803,17,13.4982,3.3377,89.1915,142.05,70.65,0.046284,0.104547,0.6467,75.57,0,Poor
105.68,23,76.3708,20,66.4094,3.8607,71.0818,269.65,110.67,0.022551,0.106313,0.313,18.07,0,Poor
85.47,23,66.8825,15,43.619,3.2442,54.9037,233.23,84.7,0.053087,0.081219,0.6406,20.63,0,Poor
122.89,1,1.5351,3,4.6054,0.7097,6.1529,180.05,34.86,0.096567,0.011507,0.0609,39.08,2,Good
87.89,24,18.376,21,16.079,1.6287,60.3256,279.82,74.37,0.012969,0.079156,0.645,78.36,0,Poor
79.11,12,70.8399,12,70.8399,2.1804,77.4627,159.41,65.49,0.055452,0.050945,0.6326,10.16,0,Poor
93.54,3,2.2586,5,3.7643,0.8865,21.7814,111.82,68.26,0.071626,0.037663,0.2093,79.7,1,Average
148.05,0,0.0,2,3.4738,0.5108,13.7439,160.25,26.26,0.116606,0.021971,0.176,34.54,2,Good
124.59,7,5.0853,9,6.5383,1.1464,22.7277,207.58,60.61,0.084797,0.041909,0.3303,82.59,1,Average
144.85,0,0.0,5,4.3637,0.7832,6.0253,202.7,22.14,0.074621,0.030563,0.0999,68.75,2,Good
129.04,0,0.0,2,2.4128,0.9224,10.3672,191.83,18.07,0.111093,0.025093,0.1174,49.73,2,Good
55.44,22,24.4657,24,26.6899,2.7791,53.6338,163.0,60.16,0.052757,0.046761,0.509,53.95,0,Poor
228.01,22,32.4937,24,35.4477,3.316,75.1095,179.2,114.63,0.021388,0.081888,0.5442,40.62,0,Poor
142.01,8,7.3618,9,8.282,0.9125,34.4293,241.57,47.35,0.031259,0.047902,0.3124,65.2,1,Average
118.75,5,3.0687,8,4.91,1.2194,22.8524,132.69,39.01,0.037568,0.062531,0.2622,97.76,1,Average
149.31,0,0.0,5,3.5826,0.5568,19.2724,207.08,35.13,0.105839,0.037981,0.1316,83.74,2,Good
131.44,5,11.9941,6,14.3929,1.4744,28.648,157.28,60.87,0.02605,0.031839,0.2965,25.01,1,Average
130.65,4,5.2428,8,10.4856,1.1514,44.4993,200.28,53.3,0.072365,0.060588,0.2813,45.78,1,Average
67.09,17,34.1545,15,30.1363,3.7491,78.4155,133.76,89.89,0.023169,0.114695,0.3026,29.86,0,Poor
76.34,9,15.3972,17,29.0835,1.5555,72.3991,184.77,109.88,0.021928,0.105311,0.6388,35.07,0,Poor
140.45,0,0.0,2,1.9168,1.1059,19.7111,172.61,35.69,0.101162,0.027206,0.1934,62.6,2,Good
144.31,0,0.0,5,4.5783,0.9561,16.079,165.25,31.12,0.07161,0.031396,0.0799,65.53,2,Good
51.05,23,46.5366,12,24.28,3.4214,47.3982,298.8,88.2,0.020376,0.11068,0.5617,29.65,0,Poor
162.08,4,7.88,8,15.76,1.2858,36.3519,163.14,51.02,0.053714,0.028844,0.2274,30.46,1,Average
140.9,1,0.631,5,3.1552,0.6583,9.563,164.32,20.76,0.040118,0.03188,0.195,95.08,2,Good
104.09,4,3.2816,5,4.102,1.6028,31.5574,171.76,56.04,0.05818,0.023114,0.2525,73.14,1,Average
120.05,0,0.0,2,1.3382,1.1819,17.7059,141.89,37.46,0.102656,0.033411,0.1187,89.67,2,Good
95.11,6,13.2835,9,19.9252,1.0104,37.2501,140.14,51.43,0.026767,0.042519,0.3012,27.1,1,Average
91.48,3,2.5306,5,4.2177,1.4961,26.3556,188.26,43.71,0.057257,0.026287,0.1765,71.13,1,Average
161.57,7,15.3093,10,21.8704,0.9069,38.8818,129.16,63.04,0.074742,0.055437,0.1572,27.43,1,Average
222.19,24,69.3217,12,34.6609,2.0611,57.31,198.13,95.58,0.036905,0.047319,0.6071,20.77,0,Poor
171.57,20,57.6174,18,51.8556,3.4273,50.8629,96.53,103.69,0.032252,0.095072,0.4522,20.83,0,Poor
125.6,1,0.8302,2,1.6605,0.7319,12.2306,155.69,30.27,0.062455,0.01621,0.1275,72.27,2,Good
172.86,5,11.3113,7,15.8358,1.6163,21.805,114.6,40.31,0.052384,0.063414,0.2954,26.52,1,Average
128.01,0,0.0,4,3.1486,1.0165,12.8217,145.48,24.28,0.113661,0.027533,0.1307,76.22,2,Good
66.04,21,24.5657,15,17.547,2.4827,94.0626,218.85,107.69,0.032645,0.086152,0.4724,51.29,0,Poor
136.61,7,17.3693,8,19.8506,1.7453,35.6106,184.17,69.18,0.030148,0.056258,0.1882,24.18,1,Average
181.85,11,8.8814,14,11.3036,3.8062,83.8981,113.56,94.58,0.038369,0.07393,0.5578,74.31,0,Poor
126.74,4,5.0687,8,10.1373,1.0154,38.8425,228.32,36.95,0.07396,0.067365,0.1833,47.35,1,Average
143.08,2,1.3956,2,1.3956,0.6757,13.4611,168.69,31.42,0.059232,0.015748,0.1877,85.98,2,Good
133.87,5,3.4894,6,4.1873,1.4525,41.6123,220.09,50.85,0.080771,0.032264,0.1815,85.97,1,Average
